argo-cd	api.github.com releases API blocked	https://api.github.com/repos/argoproj/argo-cd/releases?per_page=1	200	0	108816
argo-cd	GHSA advisories list blocked	https://api.github.com/repos/argoproj/argo-cd/security-advisories?per_page=1	200	0	7288
argo-cd	github.com HTML releases blocked	https://github.com/argoproj/argo-cd/releases	200	0	894640
argo-cd	github.com HTML advisories blocked	https://github.com/argoproj/argo-cd/security/advisories	200	0	223806
cert-manager	api.github.com releases API blocked	https://api.github.com/repos/cert-manager/cert-manager/releases?per_page=1	200	0	9461
cert-manager	GHSA advisories list blocked	https://api.github.com/repos/cert-manager/cert-manager/security-advisories?per_page=1	200	0	24045
cert-manager	github.com HTML releases blocked	https://github.com/cert-manager/cert-manager/releases	200	0	628410
cert-manager	github.com HTML advisories blocked	https://github.com/cert-manager/cert-manager/security/advisories	200	0	205098
crossplane	api.github.com releases API blocked	https://api.github.com/repos/crossplane/crossplane/releases?per_page=1	200	0	3157
crossplane	GHSA advisories list blocked	https://api.github.com/repos/crossplane/crossplane/security-advisories?per_page=1	200	0	7791
crossplane	github.com HTML releases blocked	https://github.com/crossplane/crossplane/releases	200	0	576526
crossplane	github.com HTML advisories blocked	https://github.com/crossplane/crossplane/security/advisories	200	0	209230
external-secrets	api.github.com releases API blocked	https://api.github.com/repos/external-secrets/external-secrets/releases?per_page=1	200	0	6915
external-secrets	GHSA advisories list blocked	https://api.github.com/repos/external-secrets/external-secrets/security-advisories?per_page=1	200	0	6770
external-secrets	github.com HTML releases blocked	https://github.com/external-secrets/external-secrets/releases	200	0	691293
external-secrets	github.com HTML advisories blocked	https://github.com/external-secrets/external-secrets/security/advisories	200	0	211902
ingress-nginx	api.github.com releases API blocked	https://api.github.com/repos/kubernetes/ingress-nginx/releases?per_page=1	200	0	5084
ingress-nginx	GHSA advisories list blocked	https://api.github.com/repos/kubernetes/ingress-nginx/security-advisories?per_page=1	200	0	5
ingress-nginx	github.com HTML releases blocked	https://github.com/kubernetes/ingress-nginx/releases	200	0	530262
ingress-nginx	github.com HTML advisories blocked	https://github.com/kubernetes/ingress-nginx/security/advisories	200	0	195821
istio	api.github.com releases API blocked	https://api.github.com/repos/istio/istio/releases?per_page=1	200	0	70679
istio	GHSA advisories list blocked	https://api.github.com/repos/istio/istio/security-advisories?per_page=1	200	0	4965
istio	github.com HTML releases blocked	https://github.com/istio/istio/releases	200	0	481276
istio	github.com HTML advisories blocked	https://github.com/istio/istio/security/advisories	200	0	220112
postgres	api.github.com releases API blocked	https://api.github.com/repos/postgres/postgres/releases?per_page=1	200	0	5
postgres	GHSA advisories list blocked	https://api.github.com/repos/postgres/postgres/security-advisories?per_page=1	200	0	5
postgres	github.com HTML releases blocked	https://github.com/postgres/postgres/releases	200	0	178525
postgres	github.com HTML advisories blocked	https://github.com/postgres/postgres/security/advisories	200	0	187637
vault	api.github.com releases API blocked	https://api.github.com/repos/hashicorp/vault/releases?per_page=1	200	0	6095
vault	GHSA advisories list blocked	https://api.github.com/repos/hashicorp/vault/security-advisories?per_page=1	200	0	5
vault	github.com HTML releases blocked	https://github.com/hashicorp/vault/releases	200	0	505262
vault	github.com HTML advisories blocked	https://github.com/hashicorp/vault/security/advisories	200	0	192671
redis	api.github.com releases API blocked	https://api.github.com/repos/redis/redis/releases?per_page=1	200	0	5279
redis	GHSA advisories list blocked	https://api.github.com/repos/redis/redis/security-advisories?per_page=1	200	0	4148
redis	github.com HTML releases blocked	https://github.com/redis/redis/releases	200	0	408411
redis	github.com HTML advisories blocked	https://github.com/redis/redis/security/advisories	200	0	220345
falco	api.github.com releases API blocked	https://api.github.com/repos/falcosecurity/falco/releases?per_page=1	200	0	18262
falco	GHSA advisories list blocked	https://api.github.com/repos/falcosecurity/falco/security-advisories?per_page=1	200	0	12277
falco	github.com HTML releases blocked	https://github.com/falcosecurity/falco/releases	200	0	433419
falco	github.com HTML advisories blocked	https://github.com/falcosecurity/falco/security/advisories	200	0	215166
cert-manager	quay.io tags list (UNVERIFIED)	https://quay.io/api/v1/repository/jetstack/cert-manager-controller/tag/?limit=1&onlyActiveTags=true	200	0	365
cert-manager	quay.io manifest v1.18.0	https://quay.io/v2/jetstack/cert-manager-controller/manifests/v1.18.0	200	0	1728
cert-manager	charts.jetstack.io index	https://charts.jetstack.io/index.yaml	200	0	457543
cert-manager	artifacthub page	https://artifacthub.io/packages/helm/cert-manager/cert-manager	200	0	6656
cert-manager	cert-manager.io docs	https://cert-manager.io/docs/releases/release-notes/release-notes-1.18/	200	0	308614
cert-manager	cert-manager.io docs (README pattern)	https://cert-manager.io/docs/release-notes/	200	2	228397
cert-manager	osv.dev	https://api.osv.dev/v1/vulns/GHSA-hcg3-q754-cr77	200	0	1714
cert-manager	vuln.go.dev	https://vuln.go.dev/index/db.json.gz	200	0	56
cert-manager	gcs release bucket (private 403)	https://storage.googleapis.com/cert-manager-release/	403	0	367
cert-manager	quay.io startupapicheck v1.18.0	https://quay.io/v2/jetstack/cert-manager-startupapicheck/manifests/v1.18.0	200	0	1728
cert-manager	release asset checksum 404 claim	https://github.com/cert-manager/cert-manager/releases/download/v1.18.0/cert-manager.yaml.sha256	404	0	9
argo-cd	quay.io argocd manifest	https://quay.io/v2/argoproj/argocd/manifests/v3.5.3	200	0	1251
argo-cd	argoproj.github.io helm index	https://argoproj.github.io/argo-helm/index.yaml	200	0	1654974
argo-cd	releases.atom	https://github.com/argoproj/argo-cd/releases.atom	200	0	781157
argo-cd	tags.atom	https://github.com/argoproj/argo-cd/tags.atom	200	0	9889
argo-cd	release v3.4.0 object	https://api.github.com/repos/argoproj/argo-cd/releases/tags/v3.4.0	404	0	147
argo-cd	release v3.4.1 object	https://api.github.com/repos/argoproj/argo-cd/releases/tags/v3.4.1	200	0	101963
argo-cd	artifacthub	https://artifacthub.io/api/v1/packages/helm/argo/argo-cd	200	0	285027
external-secrets	charts.external-secrets.io	https://charts.external-secrets.io/index.yaml	200	1	112169
external-secrets	external-secrets.github.io	https://external-secrets.github.io/external-secrets/index.yaml	200	1	112169
external-secrets	external-secrets.io docs	https://external-secrets.io/latest/	200	0	72164
external-secrets	osv	https://api.osv.dev/v1/query	200	0	23670
crossplane	blocked host charts.crossplane.io/stable/index.yaml	https://charts.crossplane.io/stable/index.yaml	200	0	161467
crossplane	blocked host releases.crossplane.io/	https://releases.crossplane.io/	200	0	653
crossplane	blocked host cli.crossplane.io/	https://cli.crossplane.io/	200	0	652
crossplane	blocked host docs.crossplane.io/	https://docs.crossplane.io/	200	0	326
crossplane	blocked host crossplane.github.io/	https://crossplane.github.io/	404	0	9115
crossplane	blocked host xpkg.crossplane.io/v2/	https://xpkg.crossplane.io/v2/	401	0	73
crossplane	blocked host xpkg.upbound.io/v2/	https://xpkg.upbound.io/v2/	401	0	87
crossplane	xpkg.crossplane.io manifest	https://xpkg.crossplane.io/v2/crossplane/crossplane/manifests/v2.0.0	401	0	73
crossplane	s3 helm charts bucket	https://crossplane-helm-charts.s3.amazonaws.com/	200	0	326823
crossplane	artifacthub	https://artifacthub.io/api/v1/packages/helm/crossplane/crossplane	200	0	415981
ingress-nginx	registry.k8s.io	https://registry.k8s.io/v2/ingress-nginx/controller/manifests/v1.12.0	200	1	2385
ingress-nginx	k8s.gcr.io	https://k8s.gcr.io/v2/ingress-nginx/controller/manifests/v1.9.0	200	2	1272
ingress-nginx	kubernetes.github.io helm	https://kubernetes.github.io/ingress-nginx/index.yaml	200	0	187982
ingress-nginx	kubernetes.io blog retirement	https://kubernetes.io/blog/2025/11/11/ingress-nginx-retirement/	200	0	489965
ingress-nginx	k8s official CVE feed	https://kubernetes.io/docs/reference/issues-security/official-cve-feed/index.json	200	0	282711
ingress-nginx	osv	https://api.osv.dev/v1/vulns/GHSA-hcg3-q754-cr77	200	0	1714
ingress-nginx	gcr staging 401	https://gcr.io/v2/k8s-staging-ingress-nginx/controller/tags/list	401	0	102
istio	blob.istio.io helm index	https://blob.istio.io/istio-release/charts/index.yaml	200	1	688420
istio	blob.istio.io releases dir	https://blob.istio.io/istio-release/releases/1.31.1/	404	1	27150
istio	registry.istio.io	https://registry.istio.io/v2/	401	0	26
istio	gcr.io istio-release tags	https://gcr.io/v2/istio-release/pilot/tags/list	200	0	1643238
istio	quay.io	https://quay.io/v2/	401	0	4
istio	artifacthub	https://artifacthub.io/api/v1/packages/helm/istio/istiod	404	0	15
istio	github release istio 1.31.1	https://api.github.com/repos/istio/istio/releases/tags/1.31.1	200	0	68117
postgresql	ftp.postgresql.org tarball	https://ftp.postgresql.org/pub/source/v17.2/postgresql-17.2.tar.bz2	206	0	101
postgresql	www.postgresql.org security	https://www.postgresql.org/support/security/	200	0	68581
postgresql	www.postgresql.org versioning	https://www.postgresql.org/support/versioning/	200	0	12675
postgresql	www.postgresql.org release 17.2	https://www.postgresql.org/docs/release/17.2/	200	0	15502
postgresql	git.postgresql.org	https://git.postgresql.org/gitweb/?p=postgresql.git;a=summary	200	0	30840
postgresql	github archive tarball	https://github.com/postgres/postgres/archive/refs/tags/REL_17_2.tar.gz	200	1	28345317
postgresql	codeload tarball	https://codeload.github.com/postgres/postgres/tar.gz/refs/tags/REL_17_2	200	0	28345317
postgresql	apt.postgresql.org	https://apt.postgresql.org/pub/repos/apt/dists/	200	0	3119
postgresql	yum.postgresql.org	https://yum.postgresql.org/	200	0	28468
postgresql	docker hub library/postgres	https://hub.docker.com/v2/repositories/library/postgres/tags/17.2	200	0	5531
postgresql	GH releases (claim: none exist)	https://api.github.com/repos/postgres/postgres/releases?per_page=1	200	0	5
redis	git.redis.io	https://git.redis.io/redis.git/info/refs?service=git-upload-pack	000	0	0
redis	download.redis.io	https://download.redis.io/releases/	200	0	44294
golang	go.googlesource.com	https://go.googlesource.com/go/+refs?format=JSON	200	0	30057977
golang	storage.googleapis.com/golang 403	https://storage.googleapis.com/golang/go1.25.0.linux-amd64.tar.gz	403	0	387
golang	dl.google.com	https://dl.google.com/go/go1.25.0.linux-amd64.tar.gz	206	0	101
golang	go.dev/dl json	https://go.dev/dl/?mode=json	200	0	22807
falco	docs.falco.org DNS	https://docs.falco.org/	000	0	0
falco	falco chart tgz 9.0.0 (re-published)	https://github.com/falcosecurity/charts/releases/download/falco-9.0.0/falco-9.0.0.tgz	206	1	101
falco	falco download bucket	https://download.falco.org/?prefix=packages/	200	1	1119
falco	falco.org	https://falco.org/docs/	200	0	71258
vault	helm.releases.hashicorp.com	https://helm.releases.hashicorp.com/index.yaml	200	0	354126
vault	developer.hashicorp.com	https://developer.hashicorp.com/vault/docs/release-notes	404	0	5490
vault	www.vaultproject.io	https://www.vaultproject.io/	200	1	102428
vault	discuss.hashicorp.com HCSEC	https://discuss.hashicorp.com/c/security/52	200	0	64271
vault	checkpoint-api	https://checkpoint-api.hashicorp.com/v1/check/vault	200	0	296
vault	endoflife.date	https://endoflife.date/api/hashicorp-vault.json	200	0	2241
vault	registry.terraform.io	https://registry.terraform.io/.well-known/terraform.json	200	0	62
vault	go.hashi.co support policy	https://go.hashi.co/vault-support-policy	200	2	11757
vault	ghcr token	https://ghcr.io/token?scope=repository:hashicorp/vault:pull	403	0	86
vault	releases.hashicorp.com index	https://releases.hashicorp.com/vault/index.json	200	0	2655395
minio	dl.min.io legacy binary (410)	https://dl.min.io/server/minio/release/linux-amd64/minio	410	0	405
minio	docs.min.io community	https://docs.min.io/community/minio-object-store/	200	2	335152
minio	docker.io minio/minio	https://registry-1.docker.io/v2/minio/minio/manifests/latest	401	0	154
minio	quay.io minio/minio	https://quay.io/v2/minio/minio/manifests/latest	401	0	112
minio	mirror.gcr.io minio	https://mirror.gcr.io/v2/minio/minio/tags/list	200	0	58
traefik	mirror.gcr.io traefik	https://mirror.gcr.io/v2/traefik/traefik/tags/list	200	0	62
traefik	docker hub library/traefik	https://hub.docker.com/v2/repositories/library/traefik/tags/v3.5.0	200	0	4265
linkerd	api.github.com rate limit	https://api.github.com/rate_limit	200	0	1917
otel-collector	docker hub otel	https://hub.docker.com/v2/repositories/otel/opentelemetry-collector-contrib/tags/0.127.0	200	0	2394
flux	ghcr gotk-components oci	https://ghcr.io/v2/fluxcd/flux-manifests/manifests/v2.9.6	401	0	73
flux	docker hub fluxcd	https://hub.docker.com/v2/repositories/fluxcd/flux-cli/tags/	200	0	9268
karpenter	public.ecr.aws token	https://public.ecr.aws/token/	200	0	1585
